Iteration,Endpoint,Method,HTTP Status,Response Time (ms),Response Size (bytes),Result
1,"POST Student Login",POST,200,235,462,PASS
1,"GET Teacher Info",GET,200,67,188,PASS
1,"POST Submit Quiz",POST,422,64,84,PASS
1,"GET Student Mastery",GET,200,74,11673,PASS
1,"POST Save Gesture Performance",POST,200,66,6458,PASS
1,"GET Gesture Progress",GET,200,82,3072,PASS
1,"GET Lesson Leaderboard",GET,404,63,42,PASS
1,"POST Submit Checkpoint Exam",POST,422,62,112,PASS
2,"POST Student Login",POST,200,66,462,PASS
2,"GET Teacher Info",GET,200,67,188,PASS
2,"POST Submit Quiz",POST,422,62,84,PASS
2,"GET Student Mastery",GET,200,70,11673,PASS
2,"POST Save Gesture Performance",POST,200,66,6458,PASS
2,"GET Gesture Progress",GET,200,77,3072,PASS
2,"GET Lesson Leaderboard",GET,404,64,42,PASS
2,"POST Submit Checkpoint Exam",POST,422,63,112,PASS
3,"POST Student Login",POST,200,64,462,PASS
3,"GET Teacher Info",GET,200,60,188,PASS
3,"POST Submit Quiz",POST,422,59,84,PASS
3,"GET Student Mastery",GET,200,73,11673,PASS
3,"POST Save Gesture Performance",POST,200,82,6458,PASS
3,"GET Gesture Progress",GET,200,73,3072,PASS
3,"GET Lesson Leaderboard",GET,404,59,42,PASS
3,"POST Submit Checkpoint Exam",POST,422,64,112,PASS
4,"POST Student Login",POST,200,60,462,PASS
4,"GET Teacher Info",GET,200,64,188,PASS
4,"POST Submit Quiz",POST,422,62,84,PASS
4,"GET Student Mastery",GET,200,70,11673,PASS
4,"POST Save Gesture Performance",POST,200,68,6458,PASS
4,"GET Gesture Progress",GET,200,80,3072,PASS
4,"GET Lesson Leaderboard",GET,404,62,42,PASS
4,"POST Submit Checkpoint Exam",POST,422,61,112,PASS
5,"POST Student Login",POST,200,66,462,PASS
5,"GET Teacher Info",GET,200,62,188,PASS
5,"POST Submit Quiz",POST,422,59,84,PASS
5,"GET Student Mastery",GET,200,75,11673,PASS
5,"POST Save Gesture Performance",POST,200,63,6458,PASS
5,"GET Gesture Progress",GET,200,74,3072,PASS
5,"GET Lesson Leaderboard",GET,404,59,42,PASS
5,"POST Submit Checkpoint Exam",POST,422,60,112,PASS
6,"POST Student Login",POST,200,67,462,PASS
6,"GET Teacher Info",GET,200,64,188,PASS
6,"POST Submit Quiz",POST,422,60,84,PASS
6,"GET Student Mastery",GET,200,89,11673,PASS
6,"POST Save Gesture Performance",POST,200,66,6458,PASS
6,"GET Gesture Progress",GET,200,79,3072,PASS
6,"GET Lesson Leaderboard",GET,404,58,42,PASS
6,"POST Submit Checkpoint Exam",POST,422,61,112,PASS
7,"POST Student Login",POST,200,59,462,PASS
7,"GET Teacher Info",GET,200,62,188,PASS
7,"POST Submit Quiz",POST,422,64,84,PASS
7,"GET Student Mastery",GET,200,74,11673,PASS
7,"POST Save Gesture Performance",POST,200,65,6458,PASS
7,"GET Gesture Progress",GET,200,80,3072,PASS
7,"GET Lesson Leaderboard",GET,404,60,42,PASS
7,"POST Submit Checkpoint Exam",POST,422,67,112,PASS
8,"POST Student Login",POST,200,62,462,PASS
8,"GET Teacher Info",GET,200,64,188,PASS
8,"POST Submit Quiz",POST,422,65,84,PASS
8,"GET Student Mastery",GET,200,78,11673,PASS
8,"POST Save Gesture Performance",POST,200,69,6458,PASS
8,"GET Gesture Progress",GET,200,98,3072,PASS
8,"GET Lesson Leaderboard",GET,404,65,42,PASS
8,"POST Submit Checkpoint Exam",POST,422,57,112,PASS
9,"POST Student Login",POST,200,60,462,PASS
9,"GET Teacher Info",GET,200,66,188,PASS
9,"POST Submit Quiz",POST,422,67,84,PASS
9,"GET Student Mastery",GET,200,69,11673,PASS
9,"POST Save Gesture Performance",POST,200,68,6458,PASS
9,"GET Gesture Progress",GET,200,76,3072,PASS
9,"GET Lesson Leaderboard",GET,404,64,42,PASS
9,"POST Submit Checkpoint Exam",POST,422,60,112,PASS
10,"POST Student Login",POST,200,60,462,PASS
10,"GET Teacher Info",GET,200,61,188,PASS
10,"POST Submit Quiz",POST,422,62,84,PASS
10,"GET Student Mastery",GET,200,70,11673,PASS
10,"POST Save Gesture Performance",POST,200,67,6458,PASS
10,"GET Gesture Progress",GET,200,89,3072,PASS
10,"GET Lesson Leaderboard",GET,404,59,42,PASS
10,"POST Submit Checkpoint Exam",POST,422,59,112,PASS
11,"POST Student Login",POST,200,61,462,PASS
11,"GET Teacher Info",GET,200,60,188,PASS
11,"POST Submit Quiz",POST,422,60,84,PASS
11,"GET Student Mastery",GET,200,70,11673,PASS
11,"POST Save Gesture Performance",POST,200,64,6458,PASS
11,"GET Gesture Progress",GET,200,82,3072,PASS
11,"GET Lesson Leaderboard",GET,404,62,42,PASS
11,"POST Submit Checkpoint Exam",POST,422,63,112,PASS
12,"POST Student Login",POST,200,66,462,PASS
12,"GET Teacher Info",GET,200,70,188,PASS
12,"POST Submit Quiz",POST,422,60,84,PASS
12,"GET Student Mastery",GET,200,76,11673,PASS
12,"POST Save Gesture Performance",POST,200,127,6458,PASS
12,"GET Gesture Progress",GET,200,77,3072,PASS
12,"GET Lesson Leaderboard",GET,404,58,42,PASS
12,"POST Submit Checkpoint Exam",POST,422,61,112,PASS
13,"POST Student Login",POST,200,65,462,PASS
13,"GET Teacher Info",GET,200,62,188,PASS
13,"POST Submit Quiz",POST,422,58,84,PASS
13,"GET Student Mastery",GET,200,68,11673,PASS
13,"POST Save Gesture Performance",POST,200,74,6458,PASS
13,"GET Gesture Progress",GET,200,75,3072,PASS
13,"GET Lesson Leaderboard",GET,404,59,42,PASS
13,"POST Submit Checkpoint Exam",POST,422,61,112,PASS
14,"POST Student Login",POST,200,59,462,PASS
14,"GET Teacher Info",GET,200,62,188,PASS
14,"POST Submit Quiz",POST,422,61,84,PASS
14,"GET Student Mastery",GET,200,72,11673,PASS
14,"POST Save Gesture Performance",POST,200,65,6458,PASS
14,"GET Gesture Progress",GET,200,76,3072,PASS
14,"GET Lesson Leaderboard",GET,404,61,42,PASS
14,"POST Submit Checkpoint Exam",POST,422,68,112,PASS
15,"POST Student Login",POST,200,62,462,PASS
15,"GET Teacher Info",GET,200,67,188,PASS
15,"POST Submit Quiz",POST,422,60,84,PASS
15,"GET Student Mastery",GET,200,72,11673,PASS
15,"POST Save Gesture Performance",POST,200,64,6458,PASS
15,"GET Gesture Progress",GET,200,78,3072,PASS
15,"GET Lesson Leaderboard",GET,404,372,42,PASS
15,"POST Submit Checkpoint Exam",POST,422,64,112,PASS
16,"POST Student Login",POST,200,64,462,PASS
16,"GET Teacher Info",GET,200,64,188,PASS
16,"POST Submit Quiz",POST,422,63,84,PASS
16,"GET Student Mastery",GET,200,69,11673,PASS
16,"POST Save Gesture Performance",POST,200,65,6458,PASS
16,"GET Gesture Progress",GET,200,374,3072,PASS
16,"GET Lesson Leaderboard",GET,404,59,42,PASS
16,"POST Submit Checkpoint Exam",POST,422,59,112,PASS
17,"POST Student Login",POST,200,63,462,PASS
17,"GET Teacher Info",GET,200,61,188,PASS
17,"POST Submit Quiz",POST,422,58,84,PASS
17,"GET Student Mastery",GET,200,73,11673,PASS
17,"POST Save Gesture Performance",POST,200,72,6458,PASS
17,"GET Gesture Progress",GET,200,75,3072,PASS
17,"GET Lesson Leaderboard",GET,404,58,42,PASS
17,"POST Submit Checkpoint Exam",POST,422,64,112,PASS
18,"POST Student Login",POST,200,60,462,PASS
18,"GET Teacher Info",GET,200,65,188,PASS
18,"POST Submit Quiz",POST,422,60,84,PASS
18,"GET Student Mastery",GET,200,71,11673,PASS
18,"POST Save Gesture Performance",POST,200,66,6458,PASS
18,"GET Gesture Progress",GET,200,77,3072,PASS
18,"GET Lesson Leaderboard",GET,404,59,42,PASS
18,"POST Submit Checkpoint Exam",POST,422,59,112,PASS
19,"POST Student Login",POST,200,68,462,PASS
19,"GET Teacher Info",GET,200,59,188,PASS
19,"POST Submit Quiz",POST,422,61,84,PASS
19,"GET Student Mastery",GET,200,67,11673,PASS
19,"POST Save Gesture Performance",POST,200,69,6458,PASS
19,"GET Gesture Progress",GET,200,72,3072,PASS
19,"GET Lesson Leaderboard",GET,404,61,42,PASS
19,"POST Submit Checkpoint Exam",POST,422,62,112,PASS
20,"POST Student Login",POST,200,58,462,PASS
20,"GET Teacher Info",GET,200,63,188,PASS
20,"POST Submit Quiz",POST,422,61,84,PASS
20,"GET Student Mastery",GET,200,73,11673,PASS
20,"POST Save Gesture Performance",POST,200,79,6458,PASS
20,"GET Gesture Progress",GET,200,79,3072,PASS
20,"GET Lesson Leaderboard",GET,404,61,42,PASS
20,"POST Submit Checkpoint Exam",POST,422,67,112,PASS
21,"POST Student Login",POST,200,69,462,PASS
21,"GET Teacher Info",GET,200,69,188,PASS
21,"POST Submit Quiz",POST,422,65,84,PASS
21,"GET Student Mastery",GET,200,78,11673,PASS
21,"POST Save Gesture Performance",POST,200,68,6458,PASS
21,"GET Gesture Progress",GET,200,76,3072,PASS
21,"GET Lesson Leaderboard",GET,404,61,42,PASS
21,"POST Submit Checkpoint Exam",POST,422,68,112,PASS
22,"POST Student Login",POST,200,58,462,PASS
22,"GET Teacher Info",GET,200,61,188,PASS
22,"POST Submit Quiz",POST,422,69,84,PASS
22,"GET Student Mastery",GET,200,69,11673,PASS
22,"POST Save Gesture Performance",POST,200,68,6458,PASS
22,"GET Gesture Progress",GET,200,77,3072,PASS
22,"GET Lesson Leaderboard",GET,404,64,42,PASS
22,"POST Submit Checkpoint Exam",POST,422,68,112,PASS
23,"POST Student Login",POST,200,99,462,PASS
23,"GET Teacher Info",GET,200,66,188,PASS
23,"POST Submit Quiz",POST,422,72,84,PASS
23,"GET Student Mastery",GET,200,72,11673,PASS
23,"POST Save Gesture Performance",POST,200,65,6458,PASS
23,"GET Gesture Progress",GET,200,75,3072,PASS
23,"GET Lesson Leaderboard",GET,404,67,42,PASS
23,"POST Submit Checkpoint Exam",POST,422,60,112,PASS
24,"POST Student Login",POST,200,60,462,PASS
24,"GET Teacher Info",GET,200,60,188,PASS
24,"POST Submit Quiz",POST,422,64,84,PASS
24,"GET Student Mastery",GET,200,72,11673,PASS
24,"POST Save Gesture Performance",POST,200,64,6458,PASS
24,"GET Gesture Progress",GET,200,85,3072,PASS
24,"GET Lesson Leaderboard",GET,404,60,42,PASS
24,"POST Submit Checkpoint Exam",POST,422,61,112,PASS
25,"POST Student Login",POST,200,59,462,PASS
25,"GET Teacher Info",GET,200,61,188,PASS
25,"POST Submit Quiz",POST,422,59,84,PASS
25,"GET Student Mastery",GET,200,75,11673,PASS
25,"POST Save Gesture Performance",POST,200,76,6458,PASS
25,"GET Gesture Progress",GET,200,80,3072,PASS
25,"GET Lesson Leaderboard",GET,404,61,42,PASS
25,"POST Submit Checkpoint Exam",POST,422,56,112,PASS
26,"POST Student Login",POST,200,365,462,PASS
26,"GET Teacher Info",GET,200,61,188,PASS
26,"POST Submit Quiz",POST,422,61,84,PASS
26,"GET Student Mastery",GET,200,72,11673,PASS
26,"POST Save Gesture Performance",POST,200,64,6458,PASS
26,"GET Gesture Progress",GET,200,75,3072,PASS
26,"GET Lesson Leaderboard",GET,404,61,42,PASS
26,"POST Submit Checkpoint Exam",POST,422,63,112,PASS
27,"POST Student Login",POST,200,64,462,PASS
27,"GET Teacher Info",GET,200,59,188,PASS
27,"POST Submit Quiz",POST,422,65,84,PASS
27,"GET Student Mastery",GET,200,79,11673,PASS
27,"POST Save Gesture Performance",POST,200,78,6458,PASS
27,"GET Gesture Progress",GET,200,80,3072,PASS
27,"GET Lesson Leaderboard",GET,404,60,42,PASS
27,"POST Submit Checkpoint Exam",POST,422,57,112,PASS
28,"POST Student Login",POST,200,63,462,PASS
28,"GET Teacher Info",GET,200,63,188,PASS
28,"POST Submit Quiz",POST,422,63,84,PASS
28,"GET Student Mastery",GET,200,72,11673,PASS
28,"POST Save Gesture Performance",POST,200,62,6458,PASS
28,"GET Gesture Progress",GET,200,75,3072,PASS
28,"GET Lesson Leaderboard",GET,404,66,42,PASS
28,"POST Submit Checkpoint Exam",POST,422,65,112,PASS
29,"POST Student Login",POST,200,64,462,PASS
29,"GET Teacher Info",GET,200,64,188,PASS
29,"POST Submit Quiz",POST,422,60,84,PASS
29,"GET Student Mastery",GET,200,70,11673,PASS
29,"POST Save Gesture Performance",POST,200,65,6458,PASS
29,"GET Gesture Progress",GET,200,75,3072,PASS
29,"GET Lesson Leaderboard",GET,404,58,42,PASS
29,"POST Submit Checkpoint Exam",POST,422,61,112,PASS
30,"POST Student Login",POST,200,65,462,PASS
30,"GET Teacher Info",GET,200,66,188,PASS
30,"POST Submit Quiz",POST,422,61,84,PASS
30,"GET Student Mastery",GET,200,69,11673,PASS
30,"POST Save Gesture Performance",POST,200,66,6458,PASS
30,"GET Gesture Progress",GET,200,81,3072,PASS
30,"GET Lesson Leaderboard",GET,404,58,42,PASS
30,"POST Submit Checkpoint Exam",POST,422,63,112,PASS
31,"POST Student Login",POST,200,63,462,PASS
31,"GET Teacher Info",GET,200,63,188,PASS
31,"POST Submit Quiz",POST,422,61,84,PASS
31,"GET Student Mastery",GET,200,69,11673,PASS
31,"POST Save Gesture Performance",POST,200,74,6458,PASS
31,"GET Gesture Progress",GET,200,77,3072,PASS
31,"GET Lesson Leaderboard",GET,404,60,42,PASS
31,"POST Submit Checkpoint Exam",POST,422,57,112,PASS
32,"POST Student Login",POST,200,62,462,PASS
32,"GET Teacher Info",GET,200,60,188,PASS
32,"POST Submit Quiz",POST,422,61,84,PASS
32,"GET Student Mastery",GET,200,73,11673,PASS
32,"POST Save Gesture Performance",POST,200,69,6458,PASS
32,"GET Gesture Progress",GET,200,74,3072,PASS
32,"GET Lesson Leaderboard",GET,404,61,42,PASS
32,"POST Submit Checkpoint Exam",POST,422,57,112,PASS
33,"POST Student Login",POST,200,65,462,PASS
33,"GET Teacher Info",GET,200,64,188,PASS
33,"POST Submit Quiz",POST,422,58,84,PASS
33,"GET Student Mastery",GET,200,77,11673,PASS
33,"POST Save Gesture Performance",POST,200,64,6458,PASS
33,"GET Gesture Progress",GET,200,82,3072,PASS
33,"GET Lesson Leaderboard",GET,404,61,42,PASS
33,"POST Submit Checkpoint Exam",POST,422,65,112,PASS
34,"POST Student Login",POST,200,62,462,PASS
34,"GET Teacher Info",GET,200,62,188,PASS
34,"POST Submit Quiz",POST,422,61,84,PASS
34,"GET Student Mastery",GET,200,77,11673,PASS
34,"POST Save Gesture Performance",POST,200,69,6458,PASS
34,"GET Gesture Progress",GET,200,85,3072,PASS
34,"GET Lesson Leaderboard",GET,404,63,42,PASS
34,"POST Submit Checkpoint Exam",POST,422,62,112,PASS
35,"POST Student Login",POST,200,59,462,PASS
35,"GET Teacher Info",GET,200,63,188,PASS
35,"POST Submit Quiz",POST,422,62,84,PASS
35,"GET Student Mastery",GET,200,73,11673,PASS
35,"POST Save Gesture Performance",POST,200,65,6458,PASS
35,"GET Gesture Progress",GET,200,80,3072,PASS
35,"GET Lesson Leaderboard",GET,404,69,42,PASS
35,"POST Submit Checkpoint Exam",POST,422,59,112,PASS
36,"POST Student Login",POST,200,59,462,PASS
36,"GET Teacher Info",GET,200,60,188,PASS
36,"POST Submit Quiz",POST,422,62,84,PASS
36,"GET Student Mastery",GET,200,72,11673,PASS
36,"POST Save Gesture Performance",POST,200,63,6458,PASS
36,"GET Gesture Progress",GET,200,77,3072,PASS
36,"GET Lesson Leaderboard",GET,404,60,42,PASS
36,"POST Submit Checkpoint Exam",POST,422,60,112,PASS
37,"POST Student Login",POST,200,64,462,PASS
37,"GET Teacher Info",GET,200,61,188,PASS
37,"POST Submit Quiz",POST,422,67,84,PASS
37,"GET Student Mastery",GET,200,72,11673,PASS
37,"POST Save Gesture Performance",POST,200,66,6458,PASS
37,"GET Gesture Progress",GET,200,76,3072,PASS
37,"GET Lesson Leaderboard",GET,404,58,42,PASS
37,"POST Submit Checkpoint Exam",POST,422,55,112,PASS
38,"POST Student Login",POST,200,59,462,PASS
38,"GET Teacher Info",GET,200,61,188,PASS
38,"POST Submit Quiz",POST,422,63,84,PASS
38,"GET Student Mastery",GET,200,74,11673,PASS
38,"POST Save Gesture Performance",POST,200,64,6458,PASS
38,"GET Gesture Progress",GET,200,89,3072,PASS
38,"GET Lesson Leaderboard",GET,404,57,42,PASS
38,"POST Submit Checkpoint Exam",POST,422,60,112,PASS
39,"POST Student Login",POST,200,59,462,PASS
39,"GET Teacher Info",GET,200,63,188,PASS
39,"POST Submit Quiz",POST,422,58,84,PASS
39,"GET Student Mastery",GET,200,68,11673,PASS
39,"POST Save Gesture Performance",POST,200,64,6458,PASS
39,"GET Gesture Progress",GET,200,77,3072,PASS
39,"GET Lesson Leaderboard",GET,404,59,42,PASS
39,"POST Submit Checkpoint Exam",POST,422,59,112,PASS
40,"POST Student Login",POST,200,72,462,PASS
40,"GET Teacher Info",GET,200,65,188,PASS
40,"POST Submit Quiz",POST,422,59,84,PASS
40,"GET Student Mastery",GET,200,68,11673,PASS
40,"POST Save Gesture Performance",POST,200,68,6458,PASS
40,"GET Gesture Progress",GET,200,73,3072,PASS
40,"GET Lesson Leaderboard",GET,404,56,42,PASS
40,"POST Submit Checkpoint Exam",POST,422,63,112,PASS
41,"POST Student Login",POST,200,60,462,PASS
41,"GET Teacher Info",GET,200,67,188,PASS
41,"POST Submit Quiz",POST,422,57,84,PASS
41,"GET Student Mastery",GET,200,82,11673,PASS
41,"POST Save Gesture Performance",POST,200,68,6458,PASS
41,"GET Gesture Progress",GET,200,87,3072,PASS
41,"GET Lesson Leaderboard",GET,404,58,42,PASS
41,"POST Submit Checkpoint Exam",POST,422,65,112,PASS
42,"POST Student Login",POST,200,61,462,PASS
42,"GET Teacher Info",GET,200,61,188,PASS
42,"POST Submit Quiz",POST,422,58,84,PASS
42,"GET Student Mastery",GET,200,73,11673,PASS
42,"POST Save Gesture Performance",POST,200,62,6458,PASS
42,"GET Gesture Progress",GET,200,76,3072,PASS
42,"GET Lesson Leaderboard",GET,404,67,42,PASS
42,"POST Submit Checkpoint Exam",POST,422,60,112,PASS
43,"POST Student Login",POST,200,57,462,PASS
43,"GET Teacher Info",GET,200,65,188,PASS
43,"POST Submit Quiz",POST,422,63,84,PASS
43,"GET Student Mastery",GET,200,69,11673,PASS
43,"POST Save Gesture Performance",POST,200,61,6458,PASS
43,"GET Gesture Progress",GET,200,73,3072,PASS
43,"GET Lesson Leaderboard",GET,404,64,42,PASS
43,"POST Submit Checkpoint Exam",POST,422,66,112,PASS
44,"POST Student Login",POST,200,62,462,PASS
44,"GET Teacher Info",GET,200,59,188,PASS
44,"POST Submit Quiz",POST,422,68,84,PASS
44,"GET Student Mastery",GET,200,72,11673,PASS
44,"POST Save Gesture Performance",POST,200,68,6458,PASS
44,"GET Gesture Progress",GET,200,82,3072,PASS
44,"GET Lesson Leaderboard",GET,404,64,42,PASS
44,"POST Submit Checkpoint Exam",POST,422,60,112,PASS
45,"POST Student Login",POST,200,65,462,PASS
45,"GET Teacher Info",GET,200,63,188,PASS
45,"POST Submit Quiz",POST,422,58,84,PASS
45,"GET Student Mastery",GET,200,73,11673,PASS
45,"POST Save Gesture Performance",POST,200,68,6458,PASS
45,"GET Gesture Progress",GET,200,81,3072,PASS
45,"GET Lesson Leaderboard",GET,404,58,42,PASS
45,"POST Submit Checkpoint Exam",POST,422,69,112,PASS
46,"POST Student Login",POST,200,69,462,PASS
46,"GET Teacher Info",GET,200,61,188,PASS
46,"POST Submit Quiz",POST,422,60,84,PASS
46,"GET Student Mastery",GET,200,72,11673,PASS
46,"POST Save Gesture Performance",POST,200,75,6458,PASS
46,"GET Gesture Progress",GET,200,76,3072,PASS
46,"GET Lesson Leaderboard",GET,404,62,42,PASS
46,"POST Submit Checkpoint Exam",POST,422,369,112,PASS
47,"POST Student Login",POST,200,60,462,PASS
47,"GET Teacher Info",GET,200,65,188,PASS
47,"POST Submit Quiz",POST,422,64,84,PASS
47,"GET Student Mastery",GET,200,67,11673,PASS
47,"POST Save Gesture Performance",POST,200,65,6458,PASS
47,"GET Gesture Progress",GET,200,75,3072,PASS
47,"GET Lesson Leaderboard",GET,404,61,42,PASS
47,"POST Submit Checkpoint Exam",POST,422,58,112,PASS
48,"POST Student Login",POST,200,62,462,PASS
48,"GET Teacher Info",GET,200,64,188,PASS
48,"POST Submit Quiz",POST,422,68,84,PASS
48,"GET Student Mastery",GET,200,72,11673,PASS
48,"POST Save Gesture Performance",POST,200,65,6458,PASS
48,"GET Gesture Progress",GET,200,75,3072,PASS
48,"GET Lesson Leaderboard",GET,404,62,42,PASS
48,"POST Submit Checkpoint Exam",POST,422,63,112,PASS
49,"POST Student Login",POST,200,69,462,PASS
49,"GET Teacher Info",GET,200,69,188,PASS
49,"POST Submit Quiz",POST,422,62,84,PASS
49,"GET Student Mastery",GET,200,71,11673,PASS
49,"POST Save Gesture Performance",POST,200,66,6458,PASS
49,"GET Gesture Progress",GET,200,83,3072,PASS
49,"GET Lesson Leaderboard",GET,404,57,42,PASS
49,"POST Submit Checkpoint Exam",POST,422,61,112,PASS
50,"POST Student Login",POST,200,75,462,PASS
50,"GET Teacher Info",GET,200,62,188,PASS
50,"POST Submit Quiz",POST,422,58,84,PASS
50,"GET Student Mastery",GET,200,78,11673,PASS
50,"POST Save Gesture Performance",POST,200,68,6458,PASS
50,"GET Gesture Progress",GET,200,79,3072,PASS
50,"GET Lesson Leaderboard",GET,404,64,42,PASS
50,"POST Submit Checkpoint Exam",POST,422,61,112,PASS